year,make,model,price,VClass
2023,Acura,ILX Premium & A-Spec Package,31300,Subcompact Cars
2023,Acura,Integra A-Spec Package,33300,Subcompact Cars
2023,Acura,Integra A-Spec Tech Package,36300,Subcompact Cars
2023,Acura,Integra Base,31300,Subcompact Cars
2023,Acura,Integra Manual,35800,Subcompact Cars
2023,Acura,MDX,49050,Standard Sport Utility Vehicle 4WD
2023,Acura,MDX 3.5L,49050,Standard Sport Utility Vehicle 4WD
2023,Acura,MDX 3.5L SH-AWD,51250,Standard Sport Utility Vehicle 4WD
2023,Acura,MDX 3.5L Technology,53750,Standard Sport Utility Vehicle 4WD
2023,Acura,MDX 3.5L with A-Spec Package,59950,Standard Sport Utility Vehicle 4WD
2023,Acura,MDX 3.5L with Technology Package,54250,Standard Sport Utility Vehicle 4WD
2023,Acura,MDX 3.5L with Technology Package SH-AWD,56450,Standard Sport Utility Vehicle 4WD
2023,Acura,MDX ILX,33200,Standard Sport Utility Vehicle 4WD
2023,Acura,MDX SH-AWD With Technology Package,55950,Standard Sport Utility Vehicle 4WD
2023,Acura,MDX Type S,67850,Standard Sport Utility Vehicle 4WD
2023,Acura,MDX Type S with Advance Package,73200,Standard Sport Utility Vehicle 4WD
2023,Acura,Nsx Sh-Awd,170500,Subcompact Cars
2023,Acura,RDX A-Spec Advance Package,53550,Small Sport Utility Vehicle 4WD
2023,Acura,RDX A-Spec Package,47200,Small Sport Utility Vehicle 4WD
2023,Acura,RDX A-Spec Package SH-AWD,49400,Small Sport Utility Vehicle 4WD
2023,Acura,RDX PMC Edition,54300,Small Sport Utility Vehicle 4WD
2023,Acura,RDX SH-AWD,42500,Small Sport Utility Vehicle 4WD
2023,Acura,RDX Technology Package AWD,45150,Small Sport Utility Vehicle 4WD
2023,Acura,TLX 2.0T,39850,Compact Cars
2023,Acura,TLX A-Spec Package,46600,Compact Cars
2023,Acura,TLX Advance Package,51050,Compact Cars
2023,Acura,TLX Technology Package,43850,Compact Cars
2023,Acura,TLX Type S Performance Tire,56350,Compact Cars
2023,Acura,TLX Type S PMC Edition,66990,Compact Cars
2023,Acura,ZDX Type S,64500,
2023,Alfa Romeo,Giulia,46320,Midsize Cars
2023,Alfa Romeo,Giulia,46320,Midsize Cars
2023,Alfa Romeo,Giulia AWD,45950,Midsize Cars
2023,Alfa Romeo,Giulia Estrema,46320,Midsize Cars
2023,Alfa Romeo,Giulia Estrema AWD,47990,Midsize Cars
2023,Alfa Romeo,Giulia Lusso,46320,Midsize Cars
2023,Alfa Romeo,Giulia Lusso AWD,48320,Midsize Cars
2023,Alfa Romeo,Giulia Quadrifoglio 100th Anniversary,81850,Midsize Cars
2023,Alfa Romeo,Giulia Sprint,44350,Midsize Cars
2023,Alfa Romeo,Giulia Sprint AWD,45950,Midsize Cars
2023,Alfa Romeo,Giulia Ti,46320,Midsize Cars
2023,Alfa Romeo,Giulia Ti AWD,47990,Midsize Cars
2023,Alfa Romeo,Giulia Ti Sport AWD,45700,Midsize Cars
2023,Alfa Romeo,Giulia Veloce,46320,Midsize Cars
2023,Alfa Romeo,Giulia Veloce AWD,47990,Midsize Cars
2023,Alfa Romeo,Giulia Veloce Ti AWD,46090,Midsize Cars
2023,Alfa Romeo,Sprint Q4 AWD,38000,
2023,Alfa Romeo,Stelvio,51525,Small Sport Utility Vehicle 2WD
2023,Alfa Romeo,Stelvio AWD,48200,Small Sport Utility Vehicle 4WD
2023,Alfa Romeo,Stelvio AWD,48200,Small Sport Utility Vehicle 4WD
2023,Alfa Romeo,Stelvio Estrema,51150,Small Sport Utility Vehicle 4WD
2023,Alfa Romeo,Stelvio Quadrifoglio,85670,Small Sport Utility Vehicle 4WD
2023,Alfa Romeo,Stelvio Quadrifoglio 100th Anniversary,85670,Small Sport Utility Vehicle 4WD
2023,Alfa Romeo,Stelvio Sprint AWD,46200,Small Sport Utility Vehicle 4WD
2023,Alfa Romeo,Stelvio Ti,51150,Small Sport Utility Vehicle 4WD
2023,Alfa Romeo,Stelvio Ti AWD,87850,Small Sport Utility Vehicle 4WD
2023,Alfa Romeo,Stelvio Veloce,51520,Small Sport Utility Vehicle 4WD
2023,Alfa Romeo,Stelvio Veloce Ti,51150,Small Sport Utility Vehicle 4WD
2023,Alfa Romeo,Tonale Ti PHEV Q4,44990,
2023,Aston Martin,DB11 AMR,265900,
2023,Aston Martin,DB11 V12,232500,Minicompact Cars
2023,Aston Martin,DB11 V8,295600,Minicompact Cars
2023,Aston Martin,DB11 V8 Coupe,217000,Minicompact Cars
2023,Aston Martin,DB11 V8 Volante,233200,Minicompact Cars
2023,Aston Martin,DB11 Volante,233200,Minicompact Cars
2023,Aston Martin,DBR22,2160000,Minicompact Cars
2023,Aston Martin,DBR22,2160000,Minicompact Cars
2023,Aston Martin,DBS,330600,Minicompact Cars
2023,Aston Martin,DBS 770 Ultimate,330600,Minicompact Cars
2023,Aston Martin,DBS Coupe,330600,Minicompact Cars
2023,Aston Martin,DBS Superleggera,366300,Minicompact Cars
2023,Aston Martin,DBS Volante,349800,Minicompact Cars
2023,Aston Martin,DBS Volante RWD,354700,Minicompact Cars
2023,Aston Martin,DBX 707,207680,Standard Sport Utility Vehicle 4WD
2023,Aston Martin,Dbx Coupe,188900,Small Sport Utility Vehicle 4WD
2023,Aston Martin,DBX SUV,185900,Standard Sport Utility Vehicle 4WD
2023,Aston Martin,DBX V8,185900,Standard Sport Utility Vehicle 4WD
2023,Aston Martin,R Pro,3500000,
2023,Aston Martin,V12 Vantage,298200,Two Seaters
2023,Aston Martin,V12 Vantage Convertible,348700,Two Seaters
2023,Aston Martin,V12 Vantage Coupe,298200,Two Seaters
2023,Aston Martin,Valhalla Coupe,1280000,Two Seaters
2023,Aston Martin,Valkyrie,3600000,Two Seaters
2023,Aston Martin,Valkyrie AMR PRO,3500000,Two Seaters
2023,Aston Martin,Valkyrie Spider,3250000,Two Seaters
2023,Aston Martin,Vanquish,336480,Two Seaters
2023,Aston Martin,Vanquish Manual,460000,Two Seaters
2023,Aston Martin,Vantage Coupe,143900,Two Seaters
2023,Aston Martin,Vantage Coupe,143900,Two Seaters
2023,Aston Martin,Vantage Coupe Manual,1280000,Two Seaters
2023,Aston Martin,Vantage F1 Edition,168500,Two Seaters
2023,Aston Martin,Vantage Roadster,155100,Two Seaters
2023,Aston Martin,Vantage Roadster F1 Edition,179800,Two Seaters
2023,Aston Martin,Vantage Roadster F1 Edition Convertible,189800,Two Seaters
2023,Aston Martin,Vantage V12 Roadster,168180,Two Seaters
2023,Audi,A3 Sedan Premium 40 TFSI quattro,37400,Subcompact Cars
2023,Audi,A3 Sedan Premium Plus 40 TFSI quattro,37400,Subcompact Cars
2023,Audi,A4 Avant,45900,Small Wagons
2023,Audi,A6 Premium Plus 45 TFSI quattro,55900,Midsize Cars
2023,Audi,Q3 Sportback,62020,Small Sport Utility Vehicle 4WD
2023,Audi,Q4 40 e-tron Premium Plus,90800,Small Sport Utility Vehicle 4WD
2023,Audi,Q4 50 e-tron Premium,55200,Small Sport Utility Vehicle 4WD
2023,Audi,Q4 50 e-tron Prestige,90800,Small Sport Utility Vehicle 4WD
2023,Audi,Q4 Sportback e-tron,58200,Small Sport Utility Vehicle 4WD
2023,Audi,Q5,43500,Small Sport Utility Vehicle 4WD
2023,Audi,Q5 Premium Plus 40 TFSI quattro,44200,Small Sport Utility Vehicle 4WD
2023,Audi,Q5 Prestige 40 TFSI quattro,44200,Small Sport Utility Vehicle 4WD
2023,Audi,Q8 55 e-tron quattro,75000,Standard Sport Utility Vehicle 4WD
2023,Audi,Q8 Sportback 50 e-tron Quattro,69000,Standard Sport Utility Vehicle 4WD
2023,Audi,Q8 Sportback 55 e-tron Quattro,77800,Standard Sport Utility Vehicle 4WD
2023,Audi,R8 Coupe,222000,Two Seaters
2023,Audi,R8 V10 GT RWD,225000,Two Seaters
2023,Audi,RS E-Tron GT Special Edition,179900,Subcompact Cars
2023,Audi,RS3,58900,Subcompact Cars
2023,Audi,RS4 Avant competition,87320,Small Wagons
2023,Audi,RS6 Avant Performance,118900,Midsize Wagon
2023,Audi,RS7 Sportback,120900,Midsize Cars
2023,Audi,S6 2.9T Premium quattro,73700,Midsize Cars
2023,Audi,SQ5 3.0T Premium Quattro,55600,Small Sport Utility Vehicle 4WD
2023,Audi,SQ7 4.0T Premium Plus quattro,90200,Standard Sport Utility Vehicle 4WD
2023,Audi,SQ8 e-tron quattro,97000,Standard Sport Utility Vehicle 4WD
2023,Audi,SQ8 Sportback e-tron quattro,100800,Standard Sport Utility Vehicle 4WD
2023,Bentley,Bacalar Mulliner,2155280,
2023,Bentley,Batur,1950000,
2023,Bentley,Bentayga,236900,Standard Sport Utility Vehicle 4WD
2023,Bentley,Bentayga Azure Extended Wheelbase,35750,Standard Sport Utility Vehicle 4WD
2023,Bentley,Bentayga EWB,160000,Standard Sport Utility Vehicle 4WD
2023,Bentley,Bentayga EWB Azure,843190,Standard Sport Utility Vehicle 4WD
2023,Bentley,Bentayga Extended Wheelbase,263500,Standard Sport Utility Vehicle 4WD
2023,Bentley,Bentayga Extended Wheelbase Range,160000,Standard Sport Utility Vehicle 4WD
2023,Bentley,Bentayga Hybrid,197300,Standard Sport Utility Vehicle 4WD
2023,Bentley,Bentayga Odyssean Edition,334000,Standard Sport Utility Vehicle 4WD
2023,Bentley,Bentayga S,231100,Standard Sport Utility Vehicle 4WD
2023,Bentley,Bentayga Speed,264600,Standard Sport Utility Vehicle 4WD
2023,Bentley,Bentayga V8,197300,Standard Sport Utility Vehicle 4WD
2023,Bentley,Bentayga V8 Extended Wheelbase,226900,Standard Sport Utility Vehicle 4WD
2023,Bentley,Bentayga W12 Speed,280000,Standard Sport Utility Vehicle 4WD
2023,Bentley,Continental GT Azure,311000,Subcompact Cars
2023,Bentley,Continental GT Le Mans Collection,273300,Subcompact Cars
2023,Bentley,Continental GT Mulliner Convertible,326200,Subcompact Cars
2023,Bentley,Continental GT S,225000,Subcompact Cars
2023,Bentley,Continental GT S Convertible,292500,Subcompact Cars
2023,Bentley,Continental GT Speed,288500,Subcompact Cars
2023,Bentley,Continental GT Speed Convertible,317300,Subcompact Cars
2023,Bentley,Continental GT Speed Coupe,294900,Subcompact Cars
2023,Bentley,Continental GT V8,235600,Subcompact Cars
2023,Bentley,Continental GT V8 Convertible,259200,Subcompact Cars
2023,Bentley,Continental Mulliner,212500,Subcompact Cars
2023,Bentley,Continental Mulliner Convertible,252080,Subcompact Cars
2023,Bentley,Continental V8 Convertible,249600,Subcompact Cars
2023,Bentley,Continental V8 Coupe,212500,Subcompact Cars
2023,Bentley,Flying Spur,241200,Midsize Cars
2023,Bentley,Flying Spur,241200,Midsize Cars
2023,Bentley,Flying Spur Azure,250300,Midsize Cars
2023,Bentley,Flying Spur Hybrid,214800,Midsize Cars
2023,Bentley,Flying Spur Hybrid Azure,249100,Midsize Cars
2023,Bentley,Flying Spur Hybrid Mulliner,297400,Midsize Cars
2023,Bentley,Flying Spur Hybrid Odyssean Edition,408940,Midsize Cars
2023,Bentley,Flying Spur Hybrid S,240500,Midsize Cars
2023,Bentley,Flying Spur Mulliner,226000,Midsize Cars
2023,Bentley,Flying Spur Mulliner V8,299200,Midsize Cars
2023,Bentley,Flying Spur Mulliner W12,315200,Midsize Cars
2023,Bentley,Flying Spur Sedan,248900,Midsize Cars
2023,Bentley,Flying Spur Speed,258700,Midsize Cars
2023,Bentley,Flying Spur V8,208600,Midsize Cars
2023,Bentley,Flying Spur W12,315200,Midsize Cars
2023,Bentley,Mulliner Batur,1950000,
2023,BMW,3.0 CSL Coupe,750000,Subcompact Cars
2023,BMW,4 Series M440i Gran Coupe,57450,Subcompact Cars
2023,BMW,5 Series Hybrid,56400,Mid
2023,BMW,530e Plug-In Hybrid,56400,Midsize Cars
2023,BMW,530i xDrive,57100,Midsize Cars
2023,BMW,Alpina B5 GT Sedan,156890,Midsize Cars
2023,BMW,Alpina B5 GT Wagon,161100,Midsize Wagon
2023,BMW,i3s 120 Ah,45550,Compact Cars
2023,BMW,i4 eDrive35,51400,Subcompact Cars
2023,BMW,i4 xDrive40,62600,Subcompact Cars
2023,BMW,i7 eDrive50,106700,Large Cars
2023,BMW,i7 M70 xDrive,350000,Large Cars
2023,BMW,iX1 xDrive30,60490,Small Sport Utility Vehicle 4WD
2023,BMW,iX3,70930,Small Sport Utility Vehicle 4WD
2023,BMW,M2 Brooklyn Grau,63500,Subcompact Cars
2023,BMW,M2 Zandvoort Blau,63000,Subcompact Cars
2023,BMW,M4 Competition Coupe,78600,Subcompact Cars
2023,BMW,M6,105990,Midsize Cars
2023,BMW,M8 Coupe Competition,308090,Subcompact Cars
2023,BMW,X1 sDrive18d M Sport,69420,Small Sport Utility Vehicle 2WD
2023,BMW,X1 sDrive18i xLine,64550,Small Sport Utility Vehicle 2WD
2023,BMW,X7 xDrive40d M Sport,179890,Standard Sport Utility Vehicle 4WD
2023,BMW,X7 xDrive40i M Sport,171330,Standard Sport Utility Vehicle 4WD
2023,Bugatti,Chiron,3400000,Two Seaters
2023,Bugatti,Chiron Edition Noire,2990000,Two Seaters
2023,Bugatti,Chiron Super Sport,3850000,Two Seaters
2023,Bugatti,Chiron Super Sport 300 Plus,3900000,Two Seaters
2023,Bugatti,W16,5000000,Two Seaters
2023,Bugatti,W16 Mistral,5000000,Two Seaters
2023,Buick,Electra E4,26490,Midsize Cars
2023,Buick,Electra E4 GS Crossover,36200,Midsize Cars
2023,Buick,Electra E5,30500,Midsize Cars
2023,Buick,Electra E5 Avenir,40700,Midsize Cars
2023,Buick,Enclave,44800,Standard Sport Utility Vehicle 4WD
2023,Buick,Enclave Avenir,57470,Standard Sport Utility Vehicle 4WD
2023,Buick,Enclave Avenir AWD,57300,Standard Sport Utility Vehicle 4WD
2023,Buick,Enclave Essence,44800,Standard Sport Utility Vehicle 4WD
2023,Buick,Enclave Essence AWD,45000,Standard Sport Utility Vehicle 4WD
2023,Buick,Enclave Preferred,58100,Standard Sport Utility Vehicle 4WD
2023,Buick,Enclave Premium,52035,Standard Sport Utility Vehicle 4WD
2023,Buick,Enclave Premium AWD,52000,Standard Sport Utility Vehicle 4WD
2023,Buick,Encore GX,25900,Small Sport Utility Vehicle 4WD
2023,Buick,Encore GX Essence,30500,Small Sport Utility Vehicle 4WD
2023,Buick,Encore GX Essence AWD,30600,Small Sport Utility Vehicle 4WD
2023,Buick,Encore GX Preferred,25900,Small Sport Utility Vehicle 4WD
2023,Buick,Encore GX Preferred AWD,26400,Small Sport Utility Vehicle 4WD
2023,Buick,Encore GX Select,27300,Small Sport Utility Vehicle 4WD
2023,Buick,Encore GX Select AWD,27800,Small Sport Utility Vehicle 4WD
2023,Buick,Encore Preferred,26100,Small Sport Utility Vehicle 4WD
2023,Buick,Encore Preferred AWD,26820,Small Sport Utility Vehicle 4WD
2023,Buick,Envision,31700,Small Sport Utility Vehicle 2WD
2023,Buick,Envision Avenir,45660,Small Sport Utility Vehicle 2WD
2023,Buick,Envision Avenir AWD,45760,Small Sport Utility Vehicle 4WD
2023,Buick,Envision Essence,37500,Small Sport Utility Vehicle 2WD
2023,Buick,Envision Essence AWD,37600,Small Sport Utility Vehicle 4WD
2023,Buick,Envision Preferred,33400,Small Sport Utility Vehicle 2WD
2023,Buick,Envision Preferred AWD,35350,Small Sport Utility Vehicle 4WD
2023,Buick,Envista,21850,Small Sport Utility Vehicle 4WD
2023,Buick,Envista Avenir,25000,Small Sport Utility Vehicle 4WD
2023,Buick,LaCrosse,23490,Midsize Cars
2023,Cadillac,CT4,34390,Compact Cars
2023,Cadillac,CT4,34390,Compact Cars
2023,Cadillac,CT4 Blackwing,60990,Compact Cars
2023,Cadillac,CT4 Premium,39590,Compact Cars
2023,Cadillac,CT4-V,46590,Compact Cars
2023,Cadillac,CT4-V Blackwing,60495,Compact Cars
2023,Cadillac,CT5,38195,Midsize Cars
2023,Cadillac,CT5,38195,Midsize Cars
2023,Cadillac,CT5 Blackwing,85990,Midsize Cars
2023,Cadillac,CT5-V,50990,Midsize Cars
2023,Cadillac,CT5-V Base,50995,Midsize Cars
2023,Cadillac,CT5-V Blackwing,91995,Midsize Cars
2023,Cadillac,Escalade,79290,Standard Sport Utility Vehicle 4WD
2023,Cadillac,Escalade ESV,82295,Standard Sport Utility Vehicle 4WD
2023,Cadillac,Escalade ESV Premium Luxury,91090,Standard Sport Utility Vehicle 4WD
2023,Cadillac,Escalade Esv Sport Platinum 4wd,115590,Standard Sport Utility Vehicle 4WD
2023,Cadillac,Escalade Premium Luxury 4WD,89890,Standard Sport Utility Vehicle 4WD
2023,Cadillac,Escalade Premium Luxury Platinum,105595,Standard Sport Utility Vehicle 4WD
2023,Cadillac,Escalade Sport Platinum 4WD,114590,Standard Sport Utility Vehicle 4WD
2023,Cadillac,Escalade-V ESV,152195,Standard Sport Utility Vehicle 4WD
2023,Cadillac,Lyriq,57190,Small Sport Utility Vehicle 2WD
2023,Cadillac,Lyriq Luxury AWD,63790,Small Sport Utility Vehicle 4WD
2023,Cadillac,Lyriq RWD,63000,Small Sport Utility Vehicle 2WD
2023,Cadillac,Lyriq Tech,57190,Small Sport Utility Vehicle 4WD
2023,Cadillac,XT4,36295,Small Sport Utility Vehicle 2WD
2023,Cadillac,XT5,44190,Small Sport Utility Vehicle 2WD
2023,Cadillac,XT5 Luxury,44190,Small Sport Utility Vehicle 2WD
2023,Cadillac,XT6,49000,Small Sport Utility Vehicle 2WD
2023,Cadillac,XT6 Premium,53990,Small Sport Utility Vehicle 2WD
2023,Chevrolet,Blazer 2LT AWD,36100,Small Sport Utility Vehicle 4WD
2023,Chevrolet,Bolt EV 65kWh,32500,Small Wagons
2023,Chevrolet,Bolt EV 66kWh,37500,Small Wagons
2023,Chevrolet,Camaro 1LT Coupe,26900,Subcompact Cars
2023,Chevrolet,Camaro 1SS Convertible,45900,Subcompact Cars
2023,Chevrolet,Camaro 1SS Coupe,39900,Subcompact Cars
2023,Chevrolet,Camaro 2LT Coupe,28900,Subcompact Cars
2023,Chevrolet,Camaro 2SS Convertible,50900,Subcompact Cars
2023,Chevrolet,Camaro 2SS Coupe,44900,Subcompact Cars
2023,Chevrolet,Camaro 3LT Coupe,32900,Subcompact Cars
2023,Chevrolet,Camaro LT1 Convertible,42400,Subcompact Cars
2023,Chevrolet,Camaro LT1 Coupe,36400,Subcompact Cars
2023,Chevrolet,Colorado ZR2 Bison,43900,Small Pickup Trucks
2023,Chevrolet,Corvette Stingray Limited Edition,90800,Two Seaters
2023,Chevrolet,Corvette Z06 1LZ Coupe,105300,Two Seaters
2023,Chevrolet,Corvette Z06 2LZ Coupe,114500,Two Seaters
2023,Chevrolet,Montana,25000,
2023,Chevrolet,Onix,17195,
2023,Chevrolet,Silverado EV RST,105000,Standard Pickup Trucks
2023,Chevrolet,Silverado EV WT,40000,Standard Pickup Trucks
2023,Chrysler,300,33540,Large Cars
2023,Chrysler,300,33540,Large Cars
2023,Chrysler,300,33540,Large Cars
2023,Chrysler,300 S,50970,Large Cars
2023,Chrysler,300 Touring,33540,Large Cars
2023,Chrysler,300 Touring AWD,36290,Large Cars
2023,Chrysler,300 Touring L,36740,Large Cars
2023,Chrysler,300 Touring L AWD,38990,Large Cars
2023,Chrysler,300C,55000,Large Cars
2023,Chrysler,300S,50970,Large Cars
2023,Chrysler,Pacifica,37020,Minivan - 2WD
2023,Chrysler,Pacifica Hybrid,49990,Minivan - 2WD
2023,Chrysler,Pacifica Hybrid Limited,48370,Minivan - 2WD
2023,Chrysler,Pacifica Limited,47850,Minivan - 2WD
2023,Chrysler,Pacifica Limited AWD,50650,Minivan - 4WD
2023,Chrysler,Pacifica Pinnacle,53980,Minivan - 2WD
2023,Chrysler,Pacifica Pinnacle AWD,53980,Minivan - 4WD
2023,Chrysler,Pacifica Pinnacle Plug-in Hybrid,59990,Minivan - 2WD
2023,Chrysler,Pacifica Plug in Hybrid Touring L,52490,Minivan - 2WD
2023,Chrysler,Pacifica Plug-in Hybrid Limited,54490,Minivan - 2WD
2023,Chrysler,Pacifica Plug-in Hybrid Pinnacle,59990,Minivan - 2WD
2023,Chrysler,Pacifica Plug-in Hybrid Touring L,50490,Minivan - 2WD
2023,Chrysler,Pacifica Touring,37020,Minivan - 2WD
2023,Chrysler,Pacifica Touring L,40630,Minivan - 2WD
2023,Chrysler,Pacifica Touring L AWD,43630,Minivan - 4WD
2023,Chrysler,Voyager,33000,Minivan - 2WD
2023,Chrysler,Voyager L,29930,Minivan - 2WD
2023,Chrysler,Voyager LX,35490,Minivan - 2WD
2023,Chrysler,Voyager LXI,35240,Minivan - 2WD
2023,Dodge,Challenger,30540,Midsize Cars
2023,Dodge,Challenger,30540,Midsize Cars
2023,Dodge,Challenger,30540,Midsize Cars
2023,Dodge,Challenger,30540,Midsize Cars
2023,Dodge,Challenger,30540,Midsize Cars
2023,Dodge,Challenger Mopar Special Edition,55900,Midsize Cars
2023,Dodge,Challenger SRT Demon 170,96660,Midsize Cars
2023,Dodge,Challenger SRT Hellcat Redeye,66040,Midsize Cars
2023,Dodge,Charger GT,35340,Subcompact Cars
2023,Dodge,Charger GT AWD,39270,Subcompact Cars
2023,Dodge,Charger Police,43085,Subcompact Cars
2023,Dodge,Charger Police AWD,42630,Subcompact Cars
2023,Dodge,Charger Pursuit Police,43080,Subcompact Cars
2023,Dodge,Charger R/T,42380,Subcompact Cars
2023,Dodge,Charger RT,40740,Subcompact Cars
2023,Dodge,Charger Scat Pack,48740,Subcompact Cars
2023,Dodge,Charger Scat Pack Widebody,48740,Subcompact Cars
2023,Dodge,Charger SRT Hellcat,77340,Subcompact Cars
2023,Dodge,Charger SRT Hellcat Redeye Widebody,77340,Subcompact Cars
2023,Dodge,Charger SRT Hellcat Widebody,77340,Subcompact Cars
2023,Dodge,Durango,51590,Standard Sport Utility Vehicle 4WD
2023,Dodge,Durango Citadel,52490,Standard Sport Utility Vehicle 4WD
2023,Dodge,Durango GT AWD,42590,Standard Sport Utility Vehicle 4WD
2023,Dodge,Durango R T Plus,50800,Standard Sport Utility Vehicle 4WD
2023,Dodge,Durango RT Plus,51790,Standard Sport Utility Vehicle 4WD
2023,Dodge,Durango SRT,70290,Standard Sport Utility Vehicle 4WD
2023,Dodge,Durango SRT 392 Plus,72710,Standard Sport Utility Vehicle 4WD
2023,Dodge,Durango SRT 392 Premium,72715,Standard Sport Utility Vehicle 4WD
2023,Dodge,Durango SRT Hellcat,91180,Standard Sport Utility Vehicle 4WD
2023,Dodge,Durango SXT Plus,38490,Standard Sport Utility Vehicle 4WD
2023,Dodge,Hornet,29990,Small Sport Utility Vehicle 4WD
2023,Dodge,Hornet GT,29990,Small Sport Utility Vehicle 4WD
2023,Dodge,Hornet GT Plus,34990,Small Sport Utility Vehicle 4WD
2023,Dodge,Hornet R/T PHEV,39990,Small Sport Utility Vehicle 4WD
2023,Dodge,Hornet R/T Plus PHEV,44990,Small Sport Utility Vehicle 4WD
2023,Dodge,Hornet RT Plus PHEV,44990,Small Sport Utility Vehicle 4WD
2023,Ferrari,296 GTB,351400,Two Seaters
2023,Ferrari,296 GTB Assetto Fiorano,380900,Two Seaters
2023,Ferrari,296 GTB Assetto Fiorano Coupe,380900,Two Seaters
2023,Ferrari,296 GTB Coupe,361400,Two Seaters
2023,Ferrari,296 GTS,400000,Two Seaters
2023,Ferrari,812 Competizione,603000,Two Seaters
2023,Ferrari,812 Competizione A,672000,Two Seaters
2023,Ferrari,812 GTS,431500,Two Seaters
2023,Ferrari,812 Superfast,630000,Two Seaters
2023,Ferrari,Daytona SP3,2350000,Two Seaters
2023,Ferrari,F8 Spider,322500,Two Seaters
2023,Ferrari,F8 Tributo,300000,Two Seaters
2023,Ferrari,KC23,510000,Two Seaters
2023,Ferrari,Monza SP2,1800000,Two Seaters
2023,Ferrari,Purosangue,400000,Two Seaters
2023,Ferrari,Purosangue SUV,326800,Two Seaters
2023,Ferrari,Roma,222620,Subcompact Cars
2023,Ferrari,SF90 Spider Limited Edition,700000,Two Seaters
2023,Ferrari,SF90 Spider Mansory Edition,700000,Two Seaters
2023,Ferrari,SF90 Stradale,557000,Two Seaters
2023,Fiat,500 Icon,22440,Small Sport Utility Vehicle 2WD
2023,Fiat,500e,52500,Small Sport Utility Vehicle 2WD
2023,Fiat,500X,28300,Small Sport Utility Vehicle 4WD
2023,Fiat,500X Pop,28900,Small Sport Utility Vehicle 4WD
2023,Fiat,500X Sport,31950,Small Sport Utility Vehicle 4WD
2023,Fiat,500X Trekking,29400,Small Sport Utility Vehicle 4WD
2023,Fiat,500x Trekking Plus,32860,Small Sport Utility Vehicle 4WD
2023,Fiat,500X Yacht Club Capri,29610,Small Sport Utility Vehicle 4WD
2023,Fiat,600e,39000,Small Sport Utility Vehicle 2WD
2023,Fiat,Abarth 500e,36000,Small Sport Utility Vehicle 2WD
2023,Fiat,E-Scudo,37990,Small Sport Utility Vehicle 2WD
2023,Fiat,Topolino,17500,Small Sport Utility Vehicle 2WD
2023,Fiat,Trekking Plus,32860,Small Sport Utility Vehicle 2WD
2023,Ford,Bronco Heritage Limited Edition 2-Door,66895,Small Sport Utility Vehicle 4WD
2023,Ford,Bronco Heritage Limited Edition 4-Door,69185,Small Sport Utility Vehicle 4WD
2023,Ford,Bronco Sport,29210,Small Sport Utility Vehicle 4WD
2023,Ford,Bronco Sport Badlands,37340,Small Sport Utility Vehicle 4WD
2023,Ford,Bronco Sport Base,29215,Small Sport Utility Vehicle 4WD
2023,Ford,Bronco Sport Big Bend,30930,Small Sport Utility Vehicle 4WD
2023,Ford,Bronco Sport Heritage Edition,32650,Small Sport Utility Vehicle 4WD
2023,Ford,Bronco Sport Heritage Limited Edition,44655,Small Sport Utility Vehicle 4WD
2023,Ford,Bronco Sport Outer Banks,35615,Small Sport Utility Vehicle 4WD
2023,Ford,E-Tourneo Courier,39990,Van
2023,Ford,E-Transit Cargo Van 350,53790,Van
2023,Ford,E-Transit Cargo Van 350 Chassis,50100,Van
2023,Ford,Escape Plug-In Hybrid,38500,Small Sport Utility Vehicle 2WD
2023,Ford,Expedition Max XL 4x4,60200,Standard Sport Utility Vehicle 4WD
2023,Ford,Expedition XL STX,54155,Standard Sport Utility Vehicle 4WD
2023,Ford,Explorer Hybrid Limited,54060,Standard Sport Utility Vehicle 4WD
2023,Ford,F-150 Lightning LR AWD,81000,Standard Pickup Trucks
2023,Ford,F-150 Lightning SR AWD,56000,Standard Pickup Trucks
2023,Ford,F-150 Shelby Centennial Edition,138500,Standard Pickup Trucks
2023,Ford,F-250 Super Duty King Ranch,75975,Standard Pickup Trucks
2023,Ford,F-250 Super Duty Lariat,61410,Standard Pickup Trucks
2023,Ford,F-250 Super Duty Platinum,76865,Standard Pickup Trucks
2023,Ford,F-450 Super Duty King Ranch,85585,Standard Pickup Trucks
2023,Ford,F-450 Super Duty Lariat,73910,Standard Pickup Trucks
2023,Ford,F-450 Super Duty Limited,97810,Standard Pickup Trucks
2023,Ford,F-450 Super Duty Platinum,89455,Standard Pickup Trucks
2023,Ford,F-450 Super Duty XL,56625,Standard Pickup Trucks
2023,Ford,F-450 Super Duty XLT,62645,Standard Pickup Trucks
2023,Ford,GT 68 Heritage Edition,1100000,
2023,Ford,Mustang,27770,Subcompact Cars
2023,Ford,Mustang,27770,Subcompact Cars
2023,Ford,Mustang,27770,Subcompact Cars
2023,Ford,Mustang,27770,Subcompact Cars
2023,Ford,Mustang,27770,Subcompact Cars
2023,Ford,Mustang EcoBoost Premium,32790,Subcompact Cars
2023,Ford,Mustang EcoBoost Premium Convertible,38290,Subcompact Cars
2023,Ford,Mustang GT,38340,Subcompact Cars
2023,Ford,Mustang GT Premium,43360,Subcompact Cars
2023,Ford,Mustang Mach-E California Route 1,63570,Subcompact Cars
2023,Ford,Mustang Mach-E Premium,54970,Subcompact Cars
2023,Ford,Mustang Mach-E SR,46000,Subcompact Cars
2023,Ford,Mustang Mach-E SR AWD,49000,Subcompact Cars
2023,Ford,Ranger LARIAT,35500,Small Pick
2023,Ford,Ranger Wildtrak X,51000,Small Pick
2023,Ford,Shelby Mustang Mach-E GT,65400,Subcompact Cars
2023,Ford,Transit Passenger Van,50130,Van
2023,Ford,Transit Trail Camper Van 250,65970,Van
2023,Genesis,Electrified G80,79820,Midsize Cars
2023,Genesis,Electrified GV70,65000,Small Sport Utility Vehicle 2WD
2023,Genesis,G70,39400,Subcompact Cars
2023,Genesis,G70 2.0T AWD,41250,Subcompact Cars
2023,Genesis,G70 3.3T,44900,Subcompact Cars
2023,Genesis,G70 3.3T AWD,46750,Subcompact Cars
2023,Genesis,G80,50000,Small Sport Utility Vehicle 2WD
2023,Genesis,G80 2.5T,50000,Small Sport Utility Vehicle 2WD
2023,Genesis,G80 2.5T AWD,51400,Small Sport Utility Vehicle 4WD
2023,Genesis,G90,88400,Large Cars
2023,Genesis,G90 3.3T Premium,75950,Large Cars
2023,Genesis,G90 3.5T,88400,Large Cars
2023,Genesis,G90 3.5T e-SC,98700,Large Cars
2023,Genesis,G90 5.0L Ultimate,79700,Large Cars
2023,Genesis,G90 5.0L Ultimate AWD,83200,Large Cars
2023,Genesis,GV60 Advanced,59290,Large Cars
2023,Genesis,GV60 AWD,58900,Large Cars
2023,Genesis,GV60 Performance,68290,Large Cars
2023,Genesis,GV60 Performance AWD,67900,Large Cars
2023,Genesis,GV60 Premium,60680,Large Cars
2023,Genesis,GV60 RWD,59400,Large Cars
2023,Genesis,GV60 Sport,63390,Large Cars
2023,Genesis,GV60 Sports Plus,80650,Large Cars
2023,Genesis,GV70,43150,Small Sport Utility Vehicle 2WD
2023,Genesis,GV70 2.5T,43150,Small Sport Utility Vehicle 2WD
2023,Genesis,GV70 2.5T AWD,41500,Small Sport Utility Vehicle 4WD
2023,Genesis,GV70 Sport,43990,Small Sport Utility Vehicle 2WD
2023,Genesis,GV80,55800,Standard Sport Utility Vehicle 4WD
2023,Genesis,GV80 2.5T,55800,Standard Sport Utility Vehicle 4WD
2023,Genesis,GV80 2.5T AWD,55550,Standard Sport Utility Vehicle 4WD
2023,Genesis,GV80 3.5T,62950,Standard Sport Utility Vehicle 4WD
2023,Genesis,GV80 3.5T Advanced Plus,70850,Standard Sport Utility Vehicle 4WD
2023,Genesis,GV80 3.5T Advanced Plus AWD,70850,Standard Sport Utility Vehicle 4WD
2023,Genesis,GV80 3.5T Prestige Signature,77700,Standard Sport Utility Vehicle 4WD
2023,Genesis,GV80 Prestige Signature,78200,Standard Sport Utility Vehicle 4WD
2023,GMC,Acadia,35300,Standard Sport Utility Vehicle 4WD
2023,GMC,Aion Hyper SSR,186000,
2023,GMC,Canyon AT4,43900,Small Pickup Trucks
2023,GMC,Canyon AT4X,55500,Small Pickup Trucks
2023,GMC,Canyon Denali,51000,Small Pickup Trucks
2023,GMC,Canyon Elevation 4WD,40200,Small Pickup Trucks
2023,GMC,Canyon Elevation Standard,28800,Small Pickup Trucks
2023,GMC,Hummer EV,108700,Standard Sport Utility Vehicle 4WD
2023,GMC,Hummer EV SUV EV2x,94650,Standard Sport Utility Vehicle 4WD
2023,GMC,Savana Passenger Van 2500 LS,42300,Van
2023,GMC,Savana Passenger Van 2500 LT,42300,Van
2023,GMC,Savana Passenger Van 3500 LS,43500,Van
2023,GMC,Savana Passenger Van 3500 LT,43500,Van
2023,GMC,Sierra 1500 AT4X,81700,Standard Pickup Trucks
2023,GMC,Sierra 2500HD,42200,Standard Pickup Trucks
2023,GMC,Sierra 3500HD,43400,Standard Pickup Trucks
2023,GMC,Sierra EV Denali,55600,Standard Pickup Trucks
2023,GMC,Terrain,28400,Small Sport Utility Vehicle 2WD
2023,GMC,Yukon,57400,Standard Sport Utility Vehicle 4WD
2023,GMC,Yukon Denali,92350,Standard Sport Utility Vehicle 4WD
2023,GMC,Yukon Denali Ultimate,94550,Standard Sport Utility Vehicle 4WD
2023,GMC,Yukon XL,60100,Standard Sport Utility Vehicle 4WD
2023,GMC,Yukon XL Denali Ultimate,97250,Standard Sport Utility Vehicle 4WD
2023,Honda,Accord EX,29610,Large Cars
2023,Honda,Accord Hybrid Sport-L,33870,Large Cars
2023,Honda,Accord Sedan,28000,Large Cars
2023,Honda,City Hybrid,26640,
2023,Honda,City Hybrid eHEV V,22970,
2023,Honda,City Hybrid eHEV ZX,24770,
2023,Honda,City Hybrid V CVT,26450,
2023,Honda,City Hybrid ZX CVT,28520,
2023,Honda,City SV,16260,
2023,Honda,City V,17500,
2023,Honda,City V CVT,16510,
2023,Honda,City ZX CVT,19350,
2023,Honda,Civic Sport Sedan,24650,Midsize Cars
2023,Honda,Civic Type R Touring,42890,Midsize Cars
2023,Honda,Civic Type R Touring Manual,43290,Midsize Cars
2023,Honda,CR-V EX AWD,32610,Small Sport Utility Vehicle 4WD
2023,Honda,CR-V EX-L AWD,35260,Small Sport Utility Vehicle 4WD
2023,Honda,CR-V Hybrid Sport AWD,33950,Small Sport Utility Vehicle 4WD
2023,Honda,e,37140,
2023,Honda,e Advance,37140,
2023,Honda,Elevate,14530,
2023,Honda,HR-V VTi,27470,Small Station Wagons
2023,Honda,HR-V VTi-S,28230,Small Station Wagons
2023,Honda,New City SV Petrol MT,14010,
2023,Honda,New City V Petrol MT,15030,
2023,Honda,New City VX Petrol MT,16400,
2023,Honda,New City ZX Petrol MT,17880,
2023,Honda,Passport EX-L,41100,Small Sport Utility Vehicle 4WD
2023,Honda,Pilot Elite AWD,52030,Standard Sport Utility Vehicle 4WD
2023,Honda,Pilot EX-L 8-Passenger 2WD,41950,Standard Sport Utility Vehicle 4WD
2023,Honda,Pilot EX-L 8-Passenger AWD,42310,Standard Sport Utility Vehicle 4WD
2023,Honda,Pilot EX-L AWD,42310,Standard Sport Utility Vehicle 4WD
2023,Honda,Pilot Sport 4WD,40080,Standard Sport Utility Vehicle 4WD
2023,Honda,ZR-V,25000,
2023,Hyundai,Aura E,9240,
2023,Hyundai,Elantra Manual,32900,Midsize Cars
2023,Hyundai,Elantra N Coupe,32920,Midsize Cars
2023,Hyundai,Exter,7300,
2023,Hyundai,Exter SUV,7300,
2023,Hyundai,Grand i10 Nios Era,8150,
2023,Hyundai,Grandeur Calligraphy Black Ink,30600,
2023,Hyundai,Ioniq 5 Limited,52600,Small Sport Utility Vehicle 2WD
2023,Hyundai,Ioniq 5 LR AWD 77kWh,64960,Small Sport Utility Vehicle 4WD
2023,Hyundai,Ioniq 5 LR RWD 77kWh,56610,Small Sport Utility Vehicle 2WD
2023,Hyundai,Ioniq 5 SEL,46250,Small Sport Utility Vehicle 2WD
2023,Hyundai,Ioniq 6 Limited,52600,Midsize Cars
2023,Hyundai,Ioniq 6 LR AWD,49000,Midsize Cars
2023,Hyundai,Ioniq 6 LR RWD,45500,Midsize Cars
2023,Hyundai,Ioniq 6 SE,45500,Midsize Cars
2023,Hyundai,Ioniq 6 SE AWD,49000,Midsize Cars
2023,Hyundai,Ioniq 6 SE Standard Range,41600,Midsize Cars
2023,Hyundai,Ioniq 6 SEL,47700,Midsize Cars
2023,Hyundai,Ioniq 6 SEL AWD,51200,Midsize Cars
2023,Hyundai,Ioniq 6 SR RWD,41600,Midsize Cars
2023,Hyundai,Kona N Line,27700,Small Sport Utility Vehicle 2WD
2023,Hyundai,Kona N Line AWD,29350,Small Sport Utility Vehicle 4WD
2023,Hyundai,Kona SE AWD,23640,Small Sport Utility Vehicle 4WD
2023,Hyundai,loniq 6 Limited AWD,56100,Midsize Cars
2023,Hyundai,Mufasa,20000,
2023,Hyundai,Palisade Limited AWD,48700,Standard Sport Utility Vehicle 4WD
2023,Hyundai,Palisade Limited AWD,48700,Standard Sport Utility Vehicle 4WD
2023,Hyundai,Palisade SE AWD,37150,Standard Sport Utility Vehicle 4WD
2023,Hyundai,Sonata 2.0,34120,Large Cars
2023,Hyundai,Sonata 2.5,37120,Large Cars
2023,Hyundai,Stargazer,12230,
2023,Hyundai,Venue N Line,15190,Midsize Cars
2023,Hyundai,Venue N Line N6 DCT,15280,Midsize Cars
2023,Hyundai,Venue N Line N6 DCT Dual Tone,15460,Midsize Cars
2023,Hyundai,Venue N Line N8 DCT,16450,Midsize Cars
2023,Hyundai,Venue N Line N8 DCT Dual Tone,16610,Midsize Cars
2023,Hyundai,Venue N-Line,15190,Midsize Cars
2023,Hyundai,Verna E 1.5 VTVT,11700,Compact Cars
2023,Hyundai,Verna S Plus 1.5 CRDi,13630,Compact Cars
2023,Hyundai,Verna S Plus 1.5 VTVT,12160,Compact Cars
2023,Hyundai,Verna SX (O) 1.5 VTVT IVT,19730,Compact Cars
2023,Hyundai,Verna SX (O)1.5 VTVT,17870,Compact Cars
2023,Hyundai,Verna SX 1.5 CRDi,15530,Compact Cars
2023,Hyundai,Verna SX 1.5 CRDi AT,16980,Compact Cars
2023,Hyundai,Verna SX 1.5 VTVT,13860,Compact Cars
2023,Hyundai,Verna SX 1.5 VTVT IVT,17270,Compact Cars
2023,Infiniti,Q50,42650,Midsize Cars
2023,Infiniti,Q50 3.0t Luxe AWD,44650,Midsize Cars
2023,Infiniti,Q50 3.0t SENSORY,48350,Midsize Cars
2023,Infiniti,Q50 3.0t Sensory,48350,Midsize Cars
2023,Infiniti,Q50 3.0t Sensory AWD,50350,Midsize Cars
2023,Infiniti,Q50 Red Sport 400,56500,Midsize Cars
2023,Infiniti,Q50 Red Sport 400 AWD,58500,Midsize Cars
2023,Infiniti,Q60,43250,Large Cars
2023,Infiniti,Q60 3.0t Luxe,52300,Large Cars
2023,Infiniti,Q60 3.0t Pure,42750,Large Cars
2023,Infiniti,Q60 3.0t Pure AWD,45750,Large Cars
2023,Infiniti,Q60 Red Sport 400,59200,Large Cars
2023,Infiniti,Q60 Red Sport 400 AWD,61200,Large Cars
2023,Infiniti,QX50,40300,Small Sport Utility Vehicle 2WD
2023,Infiniti,QX50 AUTOGRAPH,57950,Small Sport Utility Vehicle 2WD
2023,Infiniti,QX50 ESSENTIAL,48800,Small Sport Utility Vehicle 2WD
2023,Infiniti,QX50 Luxe,43600,Small Sport Utility Vehicle 2WD
2023,Infiniti,QX50 Luxe AWD,45350,Small Sport Utility Vehicle 4WD
2023,Infiniti,QX50 Pure,40300,Small Sport Utility Vehicle 2WD
2023,Infiniti,QX50 Pure AWD,42300,Small Sport Utility Vehicle 2WD
2023,Infiniti,QX50 SENSORY,52800,Small Sport Utility Vehicle 2WD
2023,Infiniti,QX50 SENSORY AWD,54500,Small Sport Utility Vehicle 4WD
2023,Infiniti,QX50 SPORT,48500,Small Sport Utility Vehicle 2WD
2023,Infiniti,QX55,49150,Small Sport Utility Vehicle 2WD
2023,Infiniti,QX55 Sensory,57800,Small Sport Utility Vehicle 2WD
2023,Infiniti,QX55 Sensory AWD,58050,Small Sport Utility Vehicle 4WD
2023,Infiniti,QX60 AUTOGRAPH FWD,63600,Standard Sport Utility Vehicle 4WD
2023,Infiniti,QX60 Pure,49200,Standard Sport Utility Vehicle 4WD
2023,Infiniti,QX60 SENSORY,58600,Standard Sport Utility Vehicle 4WD
2023,Infiniti,QX65,49200,Standard Sport Utility Vehicle 4WD
2023,Infiniti,QX80,72700,Standard Sport Utility Vehicle 4WD
2023,Infiniti,QX80 Luxe,72700,Standard Sport Utility Vehicle 4WD
2023,Infiniti,QX80 Luxe AWD,75800,Standard Sport Utility Vehicle 4WD
2023,Infiniti,QX80 Premium Select,75900,Standard Sport Utility Vehicle 4WD
2023,Infiniti,QX80 Premium Select AWD,80400,Standard Sport Utility Vehicle 4WD
2023,Infiniti,QX80 Sensory,84350,Standard Sport Utility Vehicle 4WD
2023,Infiniti,QX80 Sensory AWD,87450,Standard Sport Utility Vehicle 4WD
2023,Jaguar,E-Pace,48000,Small Sport Utility Vehicle 4WD
2023,Jaguar,F Pace P250 S,56000,Small Sport Utility Vehicle 4WD
2023,Jaguar,F Pace SVR,89500,Small Sport Utility Vehicle 4WD
2023,Jaguar,F Type P450,76700,Two Seaters
2023,Jaguar,F Type P450 Coupe,76700,Two Seaters
2023,Jaguar,F Type P450 R Dynamic,87200,Two Seaters
2023,Jaguar,F Type P450 R Dynamic Coupe,73050,Two Seaters
2023,Jaguar,F-Pace,52400,Small Sport Utility Vehicle 4WD
2023,Jaguar,F-Pace P250,52400,Small Sport Utility Vehicle 4WD
2023,Jaguar,F-Pace P250 S,56000,Small Sport Utility Vehicle 4WD
2023,Jaguar,F-Pace P340 S,60600,Small Sport Utility Vehicle 4WD
2023,Jaguar,F-Pace P400 R-Dynamic S,64800,Small Sport Utility Vehicle 4WD
2023,Jaguar,F-Pace SVR,89500,Small Sport Utility Vehicle 4WD
2023,Jaguar,F-Pace SVR Edition 1988,110000,Small Sport Utility Vehicle 4WD
2023,Jaguar,F-Type 75 Special Edition,86000,Two Seaters
2023,Jaguar,F-Type Convertible,76700,Two Seaters
2023,Jaguar,F-Type Coupe,73400,Two Seaters
2023,Jaguar,F-Type P300 Coupe,63900,Two Seaters
2023,Jaguar,F-Type P380 Coupe,81900,Two Seaters
2023,Jaguar,F-Type P450 Convertible,75000,Two Seaters
2023,Jaguar,F-Type P450 Coupe,73400,Two Seaters
2023,Jaguar,F-Type P450 R-Dynamic Convertible,85000,Two Seaters
2023,Jaguar,F-Type P450 R-Dynamic Coupe,83900,Two Seaters
2023,Jaguar,F-Type R Convertible,111200,Two Seaters
2023,Jaguar,I Pace,87230,Small Sport Utility Vehicle 4WD
2023,Jaguar,I Pace EV320,79090,Small Sport Utility Vehicle 4WD
2023,Jaguar,I Pace EV400,69900,Small Sport Utility Vehicle 4WD
2023,Jaguar,I-Pace,71300,Small Sport Utility Vehicle 4WD
2023,Jaguar,I-Pace 90kWh,71300,Small Sport Utility Vehicle 4WD
2023,Jaguar,I-Pace EV400,71000,Small Sport Utility Vehicle 4WD
2023,Jaguar,I-Pace HSE,71300,Small Sport Utility Vehicle 4WD
2023,Jaguar,XF Sedan,47000,Midsize Cars
2023,Jeep,Avenger,33000,
2023,Jeep,Cherokee,37690,Small Sport Utility Vehicle 4WD
2023,Jeep,Cherokee Altitude Lux,37695,Small Sport Utility Vehicle 4WD
2023,Jeep,Compass,35495,Small Sport Utility Vehicle 4WD
2023,Jeep,Compass Sport,29990,Small Sport Utility Vehicle 4WD
2023,Jeep,Gladiator,38770,Standard Pickup Trucks
2023,Jeep,Gladiator Freedom,38770,Standard Pickup Trucks
2023,Jeep,Gladiator Mojave,50250,Standard Pickup Trucks
2023,Jeep,Gladiator Rubicon,50990,Standard Pickup Trucks
2023,Jeep,Grand Cherokee,41030,Standard Sport Utility Vehicle 4WD
2023,Jeep,Grand Cherokee 4xe,59860,Standard Sport Utility Vehicle 4WD
2023,Jeep,Grand Cherokee L,43030,Standard Sport Utility Vehicle 4WD
2023,Jeep,Grand Cherokee L Altitude 4x4,44320,Standard Sport Utility Vehicle 4WD
2023,Jeep,Grand Wagoneer L,91490,Standard Sport Utility Vehicle 4WD
2023,Jeep,Grand Wagoneer L Series II Obsidian,98090,Standard Sport Utility Vehicle 4WD
2023,Jeep,Grand Wagoneer Series II Obsidian,95090,Standard Sport Utility Vehicle 4WD
2023,Jeep,Grand Wagoneer Series III,71220,Standard Sport Utility Vehicle 4WD
2023,Jeep,Wagoneer,58990,Standard Sport Utility Vehicle 4WD
2023,Jeep,Wagoneer Base,58990,Standard Sport Utility Vehicle 4WD
2023,Jeep,Wagoneer L,62490,Standard Sport Utility Vehicle 4WD
2023,Jeep,Wagoneer L Series I 4x4,65490,Standard Sport Utility Vehicle 4WD
2023,Jeep,Wagoneer L Series II,68080,Standard Sport Utility Vehicle 4WD
2023,Jeep,Wagoneer L Series II 4x4,71080,Standard Sport Utility Vehicle 4WD
2023,Jeep,Wagoneer L Series II Carbide,68080,Standard Sport Utility Vehicle 4WD
2023,Jeep,Wagoneer L Series II Carbide 4x4,71080,Standard Sport Utility Vehicle 4WD
2023,Jeep,Wagoneer L Series III,74220,Standard Sport Utility Vehicle 4WD
2023,Jeep,Wagoneer L Series III 4x4,77220,Standard Sport Utility Vehicle 4WD
2023,Jeep,Wrangler,31190,Small Sport Utility Vehicle 4WD
2023,Jeep,Wrangler Base,54730,Small Sport Utility Vehicle 4WD
2023,Jeep,Wrangler High Tide Edition,53400,Small Sport Utility Vehicle 4WD
2023,Jeep,Wrangler Rubicon 20th Anniversary Edition,69590,Small Sport Utility Vehicle 4WD
2023,Jeep,Wrangler Rubicon Edition,69590,Small Sport Utility Vehicle 4WD
2023,Jeep,Wrangler Unlimited Freedom,35190,Small Sport Utility Vehicle 4WD
2023,Jeep,Wrangler Unlimited High Altitude,45620,Small Sport Utility Vehicle 4WD
2023,Jeep,Wrangler Unlimited High Altitude 4xe plug-in hybrid,56840,Small Sport Utility Vehicle 4WD
2023,Jeep,Wrangler Unlimited Rubicon Farout,47490,Small Sport Utility Vehicle 4WD
2023,Jeep,Wrangler Unlimited Sahara 4xe plug-in hybrid,56840,Small Sport Utility Vehicle 4WD
2023,Jeep,Wrangler Unlimited Willys,35190,Small Sport Utility Vehicle 4WD
2023,Jeep,Wrangler Willys 4xe plug-in hybrid,54730,Small Sport Utility Vehicle 4WD
2023,KIA,Carens Premium Turbo,15050,
2023,KIA,Carnival LX Seat Package,34900,Minivan - 2WD
2023,KIA,Cerato,18380,
2023,KIA,EV6 GT-Line,52700,Small Station Wagons
2023,KIA,EV6 Limited Edition,63000,Small Station Wagons
2023,KIA,EV6 SR RWD,42700,Small Station Wagons
2023,KIA,EV6 Wind,48500,Small Station Wagons
2023,KIA,EV6 Wind AWD,52400,Small Station Wagons
2023,KIA,Forte GT-Line IVT,21690,Midsize Cars
2023,KIA,Forte LX IVT,19690,Midsize Cars
2023,KIA,Forte LXS IVT,19990,Midsize Cars
2023,KIA,K5 GT-Line AWD,28190,Large Cars
2023,KIA,Niro EV SX,44450,Small Station Wagons
2023,KIA,Niro EX Touring,31390,Small Station Wagons
2023,KIA,Niro SX,32490,Small Station Wagons
2023,KIA,Niro SX Touring,34790,Small Station Wagons
2023,KIA,Picanto,14000,
2023,KIA,Rio5 S,17490,Compact Cars
2023,KIA,Sorento Hybrid EX AWD,38890,Small Sport Utility Vehicle 4WD
2023,KIA,Sorento LX AWD,31790,Small Sport Utility Vehicle 4WD
2023,KIA,Sorento Plug-in Hybrid SX Prestige,49890,Small Sport Utility Vehicle 4WD
2023,KIA,Stonic Quantum Special Edition,26400,
2023,KIA,Telluride LX AWD,37690,Standard Sport Utility Vehicle 4WD
2023,KIA,Telluride S AWD,39590,Standard Sport Utility Vehicle 4WD
2023,KIA,Telluride SX X-Line,48885,Standard Sport Utility Vehicle 4WD
2023,KIA,Telluride SX X-Pro,49885,Standard Sport Utility Vehicle 4WD
2023,KIA,Telluride SX-P X-Line,51785,Standard Sport Utility Vehicle 4WD
2023,KIA,Telluride SX-P X-Pro,52780,Standard Sport Utility Vehicle 4WD
2023,Lamborghini,Aventador,584000,Two Seaters
2023,Lamborghini,Aventador LP 780 4 Ultimae Roadster,546840,Two Seaters
2023,Lamborghini,Aventador LP 780-4 Ultimae Roadster,606840,Two Seaters
2023,Lamborghini,Aventador LP740-4 S,417820,Two Seaters
2023,Lamborghini,Aventador LP780-4 Ultimae,498250,Two Seaters
2023,Lamborghini,Aventador LP780-4 Ultimae Roadster,546840,Two Seaters
2023,Lamborghini,Aventador SVJ Roadster,573960,Two Seaters
2023,Lamborghini,Aventador SVR Track-Only Edition,480000,Two Seaters
2023,Lamborghini,Aventador Ultimae LP 780-4,518250,Two Seaters
2023,Lamborghini,Aventador Ultimate LP 780-4,538250,Two Seaters
2023,Lamborghini,Countach,2800000,Two Seaters
2023,Lamborghini,Countach LPI 800 4,2640000,Two Seaters
2023,Lamborghini,Countach LPI 800-4,2640000,Two Seaters
2023,Lamborghini,Huracan Evo,291200,Two Seaters
2023,Lamborghini,Huracan Evo RWD,230000,Two Seaters
2023,Lamborghini,Huracan Sterrato,270000,Two Seaters
2023,Lamborghini,Huracan Sterrato Opera Unica,267000,Two Seaters
2023,Lamborghini,Huracan STO,387830,Two Seaters
2023,Lamborghini,Huracan STO RWD,377838,Two Seaters
2023,Lamborghini,Huracan Tecnica,239000,Two Seaters
2023,Lamborghini,Huracan Tecnica Coupe,239000,Two Seaters
2023,Lamborghini,Huracan Tecnica RWD,239000,Two Seaters
2023,Lamborghini,Sian Roadster,3900000,Two Seaters
2023,Lamborghini,Urus,258000,Standard Sport Utility Vehicle 4WD
2023,Lamborghini,Urus Evo,269490,Standard Sport Utility Vehicle 4WD
2023,Lamborghini,Urus Mansory Edition,230000,Standard Sport Utility Vehicle 4WD
2023,Lamborghini,Urus Pearl Capsule,246700,Standard Sport Utility Vehicle 4WD
2023,Lamborghini,Urus Performance,270000,Standard Sport Utility Vehicle 4WD
2023,Lamborghini,Urus Performante,260670,Small Station Wagons
2023,Lamborghini,Urus S,230000,Standard Sport Utility Vehicle 4WD
2023,Land Rover,Defender 110 Carpathian Edition,118400,Standard Sport Utility Vehicle 4WD
2023,Land Rover,Defender 130,90980,Standard Sport Utility Vehicle 4WD
2023,Land Rover,Defender 130 S,68000,Standard Sport Utility Vehicle 4WD
2023,Land Rover,Defender 130 X,99900,Standard Sport Utility Vehicle 4WD
2023,Land Rover,Defender 130 X-Dynamic SE,81400,Standard Sport Utility Vehicle 4WD
2023,Land Rover,Defender First Edition,84700,Standard Sport Utility Vehicle 4WD
2023,Land Rover,Discovery,58400,Standard Sport Utility Vehicle 4WD
2023,Land Rover,Discovery Sport,43300,Small Sport Utility Vehicle 4WD
2023,Land Rover,Discovery Sport P250 R-Dynamic S,45100,Small Sport Utility Vehicle 4WD
2023,Land Rover,Discovery Sport P250 R-Dynamic SE,48500,Small Sport Utility Vehicle 4WD
2023,Land Rover,ge Rover 3.0 I Diesel Lwb Se,369940,Standard Sport Utility Vehicle 4WD
2023,Land Rover,ge Rover 3.0 l Petrol HSE,408680,Standard Sport Utility Vehicle 4WD
2023,Land Rover,ge Rover 3.0 l Petrol LWB SE,397180,Standard Sport Utility Vehicle 4WD
2023,Land Rover,ge Rover 4.4 I Petrol SE,373070,Standard Sport Utility Vehicle 4WD
2023,Land Rover,ge Rover Evoque,45000,Small Sport Utility Vehicle 4WD
2023,Land Rover,ge Rover Hybrid P440e SE PHEV,108400,Standard Sport Utility Vehicle 4WD
2023,Land Rover,ge Rover P525 Autobiography LWB,154000,Standard Sport Utility Vehicle 4WD
2023,Land Rover,ge Rover P525 Westminster LWB,119900,Standard Sport Utility Vehicle 4WD
2023,Land Rover,ge Rover P530 SV,193100,Standard Sport Utility Vehicle 4WD
2023,Land Rover,ge Rover P565 SVAutobiography Dynamic,186700,Standard Sport Utility Vehicle 4WD
2023,Land Rover,ge Rover P565 SVAutobiography LWB,215200,Standard Sport Utility Vehicle 4WD
2023,Land Rover,ge Rover Sport Deer Valley Edition,165000,Standard Sport Utility Vehicle 4WD
2023,Land Rover,ge Rover SV Carmel Edition,345000,Standard Sport Utility Vehicle 4WD
2023,Land Rover,ge Rover SV Lansdowne Edition,301000,Standard Sport Utility Vehicle 4WD
2023,Land Rover,ge Rover Velar,60300,Standard Sport Utility Vehicle 4WD
2023,Land Rover,ge Rover Velar P340 R-Dynamic S,69200,Standard Sport Utility Vehicle 4WD
2023,Land Rover,ge Rover Velar P400 HST,79200,Standard Sport Utility Vehicle 4WD
2023,Land Rover,New Range Rover,104500,Standard Sport Utility Vehicle 4WD
2023,Land Rover,New Range Rover,104500,Standard Sport Utility Vehicle 4WD
2023,Lexus,BX,57575,
2023,Lexus,ES 250 F SPORT Design,45920,Midsize Cars
2023,Lexus,ES 300h F SPORT Design,46920,Midsize Cars
2023,Lexus,ES 350 F SPORT Handling,47800,Midsize Cars
2023,Lexus,IS 300 AWD,41435,Compact Cars
2023,Lexus,IS 350 F SPORT Design AWD,44510,Compact Cars
2023,Lexus,IS 350 F Sport RWD,45760,Compact Cars
2023,Lexus,LC 500 Coupe,94000,Subcompact Cars
2023,Lexus,LC 500 Edge Limited Edition,126290,Subcompact Cars
2023,Lexus,LX Ultra Luxury,126000,Standard Sport Utility Vehicle 4WD
2023,Lexus,NX 250 Premium,41650,Small Sport Utility Vehicle 4WD
2023,Lexus,NX 350 F SPORT Handling,47050,Small Sport Utility Vehicle 4WD
2023,Lexus,NX 350h Luxury,49000,Small Sport Utility Vehicle 4WD
2023,Lexus,NX 450h+ Plug-in Hybrid F SPORT,58400,Small Sport Utility Vehicle 4WD
2023,Lexus,RX Hybrid 350h,49000,Small Sport Utility Vehicle 4WD
2023,Lexus,RX Hybrid 500h F Sport Performance,61600,Small Sport Utility Vehicle 4WD
2023,Lexus,RZ 450e Luxury,64000,Small Sport Utility Vehicle 4WD
2023,Lexus,RZ 450e Premium,58500,Small Sport Utility Vehicle 4WD
2023,Lexus,UX,43605,Compact Cars
2023,Lexus,UX 250h AWD,36170,Compact Cars
2023,Lexus,UX 250h F SPORT DESIGN,37230,Compact Cars
2023,Lexus,UX 250h F SPORT HANDLING,42200,Compact Cars
2023,Lexus,UX 250h Premium,37230,Compact Cars
2023,Lexus,UX 250h Premium AWD,38630,Compact Cars
2023,Lexus,UX 300e 73kWh,35920,Compact Cars
2023,Lexus,UX Hybrid,34770,Compact Cars
2023,Lincoln,Aviator Black Label,80725,Standard Sport Utility Vehicle 4WD
2023,Lincoln,Aviator Black Label Grand Touring,88900,Standard Sport Utility Vehicle 4WD
2023,Lincoln,Aviator Black Label Grand Touring Plug-In Hybrid,89280,Standard Sport Utility Vehicle 4WD
2023,Lincoln,Aviator Grand Touring,69360,Standard Sport Utility Vehicle 4WD
2023,Lincoln,Aviator Grand Touring Plug In Hybrid,70190,Standard Sport Utility Vehicle 4WD
2023,Lincoln,Aviator Grand Touring Plug-In Hybrid,69190,Standard Sport Utility Vehicle 4WD
2023,Lincoln,Aviator Livery,51370,Standard Sport Utility Vehicle 4WD
2023,Lincoln,Aviator Livery RWD,51080,Standard Sport Utility Vehicle 4WD
2023,Lincoln,Aviator Reserve,58670,Standard Sport Utility Vehicle 4WD
2023,Lincoln,Aviator Standard,53340,Standard Sport Utility Vehicle 4WD
2023,Lincoln,Corsair,38690,Small Sport Utility Vehicle 4WD
2023,Lincoln,Corsair Grand Touring Plug In Hybrid,52420,Small Sport Utility Vehicle 4WD
2023,Lincoln,Corsair Grand Touring Plug-In Hybrid,53380,Small Sport Utility Vehicle 4WD
2023,Lincoln,Corsair Reserve,43070,Small Sport Utility Vehicle 4WD
2023,Lincoln,Corsair Reserve AWD,45120,Small Sport Utility Vehicle 4WD
2023,Lincoln,Corsair Standard,38690,Small Sport Utility Vehicle 4WD
2023,Lincoln,Corsair Standard AWD,39400,Small Sport Utility Vehicle 4WD
2023,Lincoln,Nautilus,44820,Small Sport Utility Vehicle 4WD
2023,Lincoln,Nautilus Reserve,51040,Small Sport Utility Vehicle 4WD
2023,Lincoln,Nautilus Reserve AWD,52930,Small Sport Utility Vehicle 4WD
2023,Lincoln,Nautilus Standard,44825,Small Sport Utility Vehicle 4WD
2023,Lincoln,Nautilus Standard AWD,46000,Small Sport Utility Vehicle 4WD
2023,Lincoln,Navigator 4x2,79720,Standard Sport Utility Vehicle 4WD
2023,Lincoln,Navigator Black Label,109250,Standard Sport Utility Vehicle 4WD
2023,Lincoln,Navigator L,83380,Standard Sport Utility Vehicle 4WD
2023,Lincoln,Navigator L Black Label,112300,Standard Sport Utility Vehicle 4WD
2023,Lincoln,Navigator L Standard,82720,Standard Sport Utility Vehicle 4WD
2023,Lincoln,Navigator L Standard 4x2,81380,Standard Sport Utility Vehicle 4WD
2023,Lincoln,Navigator Reserve,91935,Standard Sport Utility Vehicle 4WD
2023,Lincoln,Navigator Reserve 4WD,91740,Standard Sport Utility Vehicle 4WD
2023,Lincoln,Navigator Reserve 4x4,94630,Standard Sport Utility Vehicle 4WD
2023,Lincoln,Navigator Standard,79720,Standard Sport Utility Vehicle 4WD
2023,Lincoln,Navigator Standard 4x2,77710,Standard Sport Utility Vehicle 4WD
2023,Lincoln,Navigator Standard AWD,80710,Standard Sport Utility Vehicle 4WD
2023,Lincoln,SUV EV,72000,
2023,Maserati,Ghibli,82300,Midsize Cars
2023,Maserati,Ghibli F Tributo,110890,Midsize Cars
2023,Maserati,Ghibli F Tributo Q4,120390,Midsize Cars
2023,Maserati,Ghibli GranSport,84690,Midsize Cars
2023,Maserati,Ghibli GT 3.0L,78200,Midsize Cars
2023,Maserati,Ghibli Modena,88900,Midsize Cars
2023,Maserati,Ghibli Modena Q4,91600,Midsize Cars
2023,Maserati,Ghibli Modena S,82900,Midsize Cars
2023,Maserati,Ghibli S,80990,Midsize Cars
2023,Maserati,Ghibli S Q4,84100,Midsize Cars
2023,Maserati,Ghibli Trofeo,118500,Midsize Cars
2023,Maserati,GranTurismo Folgore,215000,
2023,Maserati,GranTurismo Modena,130120,
2023,Maserati,GranTurismo Sport,135000,
2023,Maserati,Grecale,63500,Small Sport Utility Vehicle 4WD
2023,Maserati,Grecale Folgore,80000,Small Sport Utility Vehicle 4WD
2023,Maserati,Grecale GT,63500,Small Sport Utility Vehicle 4WD
2023,Maserati,Grecale Modena,72900,Small Sport Utility Vehicle 4WD
2023,Maserati,Grecale SUV,63500,Small Sport Utility Vehicle 4WD
2023,Maserati,Grecale Trofeo,102500,Small Sport Utility Vehicle 4WD
2023,Maserati,Grecale Trofeo Trofeo,102500,
2023,Maserati,GT2 Racecar,212000,
2023,Maserati,Levante,87600,Standard Sport Utility Vehicle 4WD
2023,Maserati,Levante GT,87600,Standard Sport Utility Vehicle 4WD
2023,Maserati,Levante Modena S,123200,Standard Sport Utility Vehicle 4WD
2023,Maserati,Levante Trofeo,161400,Standard Sport Utility Vehicle 4WD
2023,Maserati,Levante Trofeo 3.8L,169100,Standard Sport Utility Vehicle 4WD
2023,Maserati,MC20,220000,Two Seaters
2023,Maserati,MC20 Cielo,240000,Two Seaters
2023,Maserati,Quattroporte,104700,Large Cars
2023,Maserati,Quattroporte GT,104700,Large Cars
2023,Maserati,Quattroporte GT 3.0L,98000,Large Cars
2023,Maserati,Quattroporte Modena Q4,120200,Large Cars
2023,Maserati,Quattroporte Modena Q4 3.0L,130300,Large Cars
2023,Maserati,Quattroporte Trofeo 3.8L,151500,Large Cars
2023,Mazda,2,17750,Compact Cars
2023,Mazda,3 Hatchback,23550,Compact Cars
2023,Mazda,3 Hatchback 2.5 S Carbon Edition,28200,Compact Cars
2023,Mazda,3 Hatchback 2.5 S Premium,29150,Compact Cars
2023,Mazda,3 Sedan,22550,Compact Cars
2023,Mazda,3 Sedan 2.5 S Carbon Edition,27200,Compact Cars
2023,Mazda,3 Sedan 2.5 S Preferred,25550,Compact Cars
2023,Mazda,3 Sedan 2.5 S Premium,29400,Compact Cars
2023,Mazda,6 20th Anniversary Edition,32450,Midsize Cars
2023,Mazda,BT 50 SP Pro,30000,
2023,Mazda,Cx 50 2.5 Turbo Meridian Edition,43000,Small Sport Utility Vehicle 4WD
2023,Mazda,CX-30 2.5 Turbo Premium Plus Package,35400,Small Sport Utility Vehicle 4WD
2023,Mazda,CX-30 Turbo,31200,Small Sport Utility Vehicle 4WD
2023,Mazda,CX-5,26700,Small Sport Utility Vehicle 4WD
2023,Mazda,CX-5 2.5 S Preferred,30190,Small Sport Utility Vehicle 4WD
2023,Mazda,CX-5 2.5 S Premium,33000,Small Sport Utility Vehicle 4WD
2023,Mazda,CX-80,44000,Small Sport Utility Vehicle 4WD
2023,Mazda,CX-9,38750,Small Sport Utility Vehicle 4WD
2023,Mazda,CX-90 Hybrid Preferred,47440,Small Sport Utility Vehicle 4WD
2023,Mazda,CX-90 Hybrid Premium,52900,Small Sport Utility Vehicle 4WD
2023,Mazda,CX-90 Hybrid Premium Plus,56950,Small Sport Utility Vehicle 4WD
2023,Mazda,MX-30,34470,Midsize Cars
2023,Mazda,MX-30 e-Skyactiv R-EV,35470,Midsize Cars
2023,Mazda,MX-5 Kizuna,35000,Two Seaters
2023,Mazda,MX-5 Miata,28000,Two Seaters
2023,Mazda,MX-5 Miata Club,31550,Two Seaters
2023,Mazda,MX-5 Miata RF,35750,Two Seaters
2023,Mazda,MX-5 Miata Sport,28050,Two Seaters
2023,Mclaren,570GT,223950,Two Seaters
2023,Mclaren,570S Coupe,455700,Two Seaters
2023,Mclaren,600LT Spider,256500,Two Seaters
2023,Mclaren,620R,319000,Two Seaters
2023,Mclaren,720S,528990,Two Seaters
2023,Mclaren,720S Coupe,399000,Two Seaters
2023,Mclaren,720S Luxury,545700,Two Seaters
2023,Mclaren,720S Luxury Spider,329000,Two Seaters
2023,Mclaren,720S Performance,582580,Two Seaters
2023,Mclaren,720S Performance Spider,428960,Two Seaters
2023,Mclaren,720S Spider,408800,Two Seaters
2023,Mclaren,765LT Spider,398000,Two Seaters
2023,Mclaren,Artura,237500,Two Seaters
2023,Mclaren,Formula F1,410000,Two Seaters
2023,Mclaren,P1 3.8L V8,1525100,Two Seaters
2023,Mclaren,P1 Spider,1200000,Two Seaters
2023,Mercedes,AMG C63 Coupe,81850,Subcompact Cars
2023,Mercedes,AMG CLS 53,87550,Compact Cars
2023,Mercedes,AMG G63 Grand Edition,249600,Standard Sport Utility Vehicle 4WD
2023,Mercedes,AMG GLC 63 S 4MATIC Coupe,85600,Small Sport Utility Vehicle 4WD
2023,Mercedes,AMG GT,294070,Two Seaters
2023,Mercedes,AMG GT 53,106700,Two Seaters
2023,Mercedes,AMG GT 53 4MATIC Plus,106800,Two Seaters
2023,Mercedes,AMG GT63 S E Performance,209600,Two Seaters
2023,Mercedes,AMG SL 43 Roadster,110000,Subcompact Cars
2023,Mercedes,AMG SL43,110000,Minicompact Cars
2023,Mercedes,Benz C Class Convertible,57250,Subcompact Cars
2023,Mercedes,Benz C Class Coupe,49550,Subcompact Cars
2023,Mercedes,Benz EQA SUV,55300,Small Sport Utility Vehicle 4WD
2023,Mercedes,Benz GLA-Class SUV,37500,Small Sport Utility Vehicle 4WD
2023,Mercedes,Benz GLB Class,39800,Small Sport Utility Vehicle 4WD
2023,Mercedes,Benz S Class,243720,L
2023,Mercedes,EQA 300 4MATIC,57400,Small Sport Utility Vehicle 4WD
2023,Mercedes,EQA 350 4MATIC,60280,Small Sport Utility Vehicle 4WD
2023,Mercedes,EQS 350,102310,Standard Sport Utility Vehicle 4WD
2023,Mercedes,EQS 450 4MATIC,113050,Standard Sport Utility Vehicle 4WD
2023,Mercedes,EQS SUV 450 4MATIC,114470,Standard Sport Utility Vehicle 4WD
2023,Mercedes,EQT,50000,
2023,Mercedes,EQV 250 Extra Long,73680,Minivan - 2WD
2023,Mercedes,EQV 250 Long,72720,Minivan - 2WD
2023,Mercedes,EQV 300 Extra Long,77520,Minivan - 2WD
2023,Mercedes,EQV 300 Long,76560,Minivan - 2WD
2023,Mercedes,Maybach GLS,170000,Large Cars
2023,MINI,Clubman Cooper S Classic ALL4 Clubman,32900,Midsize Cars
2023,MINI,Cooper Classic Hardtop 4-Door,24400,Subcompact Cars
2023,MINI,Cooper Clubman,29900,Midsize Cars
2023,MINI,Cooper Convertible,28400,Minicompact Cars
2023,MINI,Cooper Convertible,28400,Minicompact Cars
2023,MINI,Cooper Countryman ALL4,31600,Minicompact Cars
2023,MINI,Cooper Countryman Plug-in Hybrid,41500,Minicompact Cars
2023,MINI,Cooper Electric Hardtop,29900,Subcompact Cars
2023,MINI,Cooper Hardtop,23400,Subcompact Cars
2023,MINI,Cooper Hardtop 2-Door,23400,Subcompact Cars
2023,MINI,Cooper Hardtop 4-Door,24400,Subcompact Cars
2023,MINI,Cooper Hardtop Cooper Classic 2 Door,23400,Subcompact Cars
2023,MINI,Cooper S Classic Countryman ALL4,33900,Subcompact Cars
2023,MINI,Cooper S Classic Hardtop 2-Door,26900,Subcompact Cars
2023,MINI,Cooper S Classic Hardtop 4-Door,27900,Subcompact Cars
2023,MINI,Cooper S Countryman,31900,Midsize Cars
2023,MINI,Cooper S Countryman ALL4,37500,Minicompact Cars
2023,MINI,Cooper S Hardtop 2-Door,26900,Subcompact Cars
2023,MINI,Cooper S Hardtop 4-Door,27900,Subcompact Cars
2023,MINI,Cooper SE Hardtop,33900,Subcompact Cars
2023,MINI,Cooper SE Signature Hardtop,29900,Subcompact Cars
2023,MINI,Countryman,30000,Minicompact Cars
2023,MINI,Countryman Cooper SE ALL4 Untamed Edition,42500,Minicompact Cars
2023,MINI,Hardtop John Cooper Works,35900,Subcompact Cars
2023,MINI,John Cooper Works Classic Convertible,38900,Subcompact Cars
2023,MINI,John Cooper Works Clubman,39500,Subcompact Cars
2023,MINI,John Cooper Works Countryman,41500,Subcompact Cars
2023,Nissan,350Z,37890,Two Seaters
2023,Nissan,Altima 2.5 SL,31990,Midsize Cars
2023,Nissan,Altima 2.5 SL AWD,33490,Midsize Cars
2023,Nissan,Altima 2.5 SR,27490,Midsize Cars
2023,Nissan,Altima 2.5 SR AWD,28990,Midsize Cars
2023,Nissan,Altima 2.5 SV,26090,Midsize Cars
2023,Nissan,Altima 2.5 SV AWD,27590,Midsize Cars
2023,Nissan,Ariya e-4ORCE,55870,Small Station Wagons
2023,Nissan,Ariya EMPOWER Plus,53690,Small Station Wagons
2023,Nissan,Ariya ENGAGE,43190,Small Station Wagons
2023,Nissan,Ariya Engage 2WD 63kWh,43190,Small Station Wagons
2023,Nissan,Ariya Engage 2WD 87kWh,43190,Small Station Wagons
2023,Nissan,Ariya ENGAGE e-4ORCE AWD,47190,Small Station Wagons
2023,Nissan,Ariya ENGAGE Plus,51190,Small Station Wagons
2023,Nissan,Ariya EVOLVE e-4ORCE AWD,54190,Small Station Wagons
2023,Nissan,Ariya EVOLVE Plus,50190,Small Station Wagons
2023,Nissan,Ariya Evolve Plus e-4ORCE,63530,Small Station Wagons
2023,Nissan,Ariya PLATINUM Plus,60190,Small Station Wagons
2023,Nissan,Ariya PREMIERE,54690,Small Station Wagons
2023,Nissan,Ariya VENTURE Plus,47190,Small Station Wagons
2023,Nissan,Armada S 4WD,52900,Standard Sport Utility Vehicle 4WD
2023,Nissan,Armada SL,57760,Standard Sport Utility Vehicle 4WD
2023,Nissan,Armada SV 4WD,56900,Standard Sport Utility Vehicle 4WD
2023,Nissan,e-NV200,31500,
2023,Nissan,Formula E,57800,
2023,Nissan,GT-R,113540,Subcompact Cars
2023,Nissan,GT-R Premium,113540,Subcompact Cars
2023,Nissan,Juke,17700,Compact Cars
2023,Nissan,Murano AWD SV,38900,Small Sport Utility Vehicle 4WD
2023,Nissan,Murano Platinum AWD,45210,Small Sport Utility Vehicle 4WD
2023,Nissan,Murano S AWD,35360,Small Sport Utility Vehicle 4WD
2023,Nissan,Murano SL AWD,42860,Small Sport Utility Vehicle 4WD
2023,Nissan,Murano SV AWD,38900,Small Sport Utility Vehicle 4WD
2023,Nissan,Pathfinder Platinum 4WD,49870,Small Sport Utility Vehicle 4WD
2023,Nissan,Pathfinder Rock Creek,43020,Small Sport Utility Vehicle 4WD
2023,Nissan,Rogue Platinum AWD,38640,Small Sport Utility Vehicle 4WD
2023,Nissan,Rogue SL AWD,35210,Small Sport Utility Vehicle 4WD
2023,Nissan,Sentra SR,22700,Midsize Cars
2023,Nissan,Urvan,25600,Minivan - 2WD
2023,Nissan,Versa S CVT,18250,Compact Cars
2023,Nissan,Z,39990,Two Seaters
2023,Nissan,Z,39990,Two Seaters
2023,Nissan,Z GT4,229000,Two Seaters
2023,Nissan,Z Performance Auto,49990,Two Seaters
2023,Nissan,Z Sport Auto,39990,Two Seaters
2023,Porsche,718 Boxster GTS 4.0,92400,Two Seaters
2023,Porsche,718 Cayman GTS 4.0,90300,Two Seaters
2023,Porsche,718 Cayman S,75400,Two Seaters
2023,Porsche,718 Cayman S,75400,Two Seaters
2023,Porsche,718 Cayman T,72500,Two Seaters
2023,Porsche,718 Cayman T,72500,Two Seaters
2023,Porsche,911 Carrera 4 GTS Cabriolet,162700,Minicompact Cars
2023,Porsche,911 Carrera 4 GTS Cabriolet,162700,Minicompact Cars
2023,Porsche,911 Carrera GTS Cabriolet America,184920,Minicompact Cars
2023,Porsche,911 Dakar Dakar,222000,Minicompact Cars
2023,Porsche,911 GT3 Touring,170000,Two Seaters
2023,Porsche,911 GT3 Touring,170000,Two Seaters
2023,Porsche,911 GT3 Touring Package,169700,Two Seaters
2023,Porsche,911 Targa Edition 50 Years Porsche Design,186200,Minicompact Cars
2023,Porsche,911 Turbo Cabriolet,195700,Minicompact Cars
2023,Porsche,911 Turbo S by Mansory,232000,Minicompact Cars
2023,Porsche,911 Turbo S Cabriolet,228900,Minicompact Cars
2023,Porsche,Cayenne Platinum Edition,84800,Standard Sport Utility Vehicle 4WD
2023,Porsche,Cayenne Platinum Edition E-Hybrid,95500,Standard Sport Utility Vehicle 4WD
2023,Porsche,Cayenne S Coupe,95200,Standard Sport Utility Vehicle 4WD
2023,Porsche,Cayenne S Platinum Edition,95100,Standard Sport Utility Vehicle 4WD
2023,Porsche,Cayenne S Platinum Edition Coupe,97300,Standard Sport Utility Vehicle 4WD
2023,Porsche,Macan,57500,Small Sport Utility Vehicle 4WD
2023,Porsche,Macan GTS,82900,Small Sport Utility Vehicle 4WD
2023,Porsche,Panamera,88400,Large Cars
2023,Porsche,Panamera 4,97000,Large Cars
2023,Porsche,Panamera 4 E-Hybrid Platinum Edition,118800,Large Cars
2023,Porsche,Panamera 4 Platinum Edition,109300,Large Cars
2023,Porsche,Panamera 4S E-Hybrid Executive,130500,Large Cars
2023,Porsche,Panamera E-Hybrid Sport Turismo,113000,Large Cars
2023,Porsche,Panamera Hybrid,109000,Large Cars
2023,Porsche,Panamera Platinum Edition,105100,Large Cars
2023,Porsche,Panamera Sport Turismo,103200,Large Cars
2023,Porsche,Panamera Turbo,186400,Large Cars
2023,Porsche,Taycan Art Car,200000,Subcompact Cars
2023,Porsche,Taycan Cross Turismo,97700,Subcompact Cars
2023,Porsche,Taycan Sport Turismo,136000,Subcompact Cars
2023,Rolls Royce,Cullinan,348500,Midsize Wagon
2023,Rolls Royce,Cullinan Black Badge,382000,Midsize Wagon
2023,Rolls Royce,Dawn,438050,Large Cars
2023,Rolls Royce,Ghost,341500,Large Cars
2023,Rolls Royce,Ghost Black Badge,380500,Large Cars
2023,Rolls Royce,Ghost Extended,408000,Large Cars
2023,Rolls Royce,Ghost V12,345000,Large Cars
2023,Rolls Royce,Phantom,465000,Large Cars
2023,Rolls Royce,Phantom Extended,605000,Large Cars
2023,Rolls Royce,Spectre,400000,Large Cars
2023,Rolls Royce,Wraith,469700,Large Cars
2023,Rolls Royce,Wraith Coupe,655000,Large Cars
2023,Subaru,Ascent Onyx Edition,41290,Standard Sport Utility Vehicle 4WD
2023,Subaru,Ascent Onyx Edition Limited,46290,Standard Sport Utility Vehicle 4WD
2023,Subaru,BRZ,28590,Minicompact Cars
2023,Subaru,BRZ,28590,Minicompact Cars
2023,Subaru,BRZ Limited,31095,Minicompact Cars
2023,Subaru,Crosstrek Limited,29495,Small Sport Utility Vehicle 4WD
2023,Subaru,Forester 2.5X,24300,Small Sport Utility Vehicle 4WD
2023,Subaru,Forester STI Sport,36490,Small Sport Utility Vehicle 4WD
2023,Subaru,Forester XT Edition,25400,Small Sport Utility Vehicle 4WD
2023,Subaru,Legacy,24390,Large Cars
2023,Subaru,Legacy Limited,31440,Large Cars
2023,Subaru,Legacy Premium,26695,Large Cars
2023,Subaru,Legacy Sport,33890,Large Cars
2023,Subaru,Levorg STI Sport Performance Wagon,45000,
2023,Subaru,Outback Onyx Edition,33490,Small Sport Utility Vehicle 4WD
2023,Subaru,Rex,13000,
2023,Subaru,Solterra Limited,48490,
2023,Subaru,Solterra Touring,51990,
2023,Subaru,WRX GT,43390,Midsize Cars
2023,Subaru,WRX GT Sedan,43390,Midsize Cars
2023,Subaru,WRX Limited CVT,39740,Midsize Cars
2023,Subaru,WRX Premium,33100,Midsize Cars
2023,Subaru,WRX Premium CVT,35150,Midsize Cars
2023,Subaru,WRX Sedan,30600,Midsize Cars
2023,Tesla,Cybertruck,39900,Standard Sport Utility Vehicle 4WD
2023,Tesla,Cybertruck Dual Motor AWD,49900,Standard Sport Utility Vehicle 4WD
2023,Tesla,Cybertruck Single Motor RWD,39900,Standard Sport Utility Vehicle 4WD
2023,Tesla,Cybertruck Tri Motor AWD,69900,Standard Sport Utility Vehicle 4WD
2023,Tesla,Model 3,43990,Midsize Cars
2023,Tesla,Model 3 Long Range,51990,Midsize Cars
2023,Tesla,Model 3 Long Range AWD,58990,Midsize Cars
2023,Tesla,Model 3 LR AWD,47240,Midsize Cars
2023,Tesla,Model 3 LR RWD,58430,Midsize Cars
2023,Tesla,Model 3 Performance,53990,Midsize Cars
2023,Tesla,Model 3 Performance AWD,60990,Midsize Cars
2023,Tesla,Model 3 Standard Plus,44990,Midsize Cars
2023,Tesla,Model 3 Standard Plus RWD,60900,Midsize Cars
2023,Tesla,Model S,94990,Large Cars
2023,Tesla,Model S Long Range,96990,Large Cars
2023,Tesla,Model S LR,88500,Large Cars
2023,Tesla,Model S Performance,104990,Large Cars
2023,Tesla,Model S Plaid,114990,Large Cars
2023,Tesla,Model X,109990,Standard Sport Utility Vehicle 4WD
2023,Tesla,Model X Long Range,107990,Standard Sport Utility Vehicle 4WD
2023,Tesla,Model X Long Range AWD,106990,Standard Sport Utility Vehicle 4WD
2023,Tesla,Model X LR Plus,98500,Standard Sport Utility Vehicle 4WD
2023,Tesla,Model X Performance,107990,Standard Sport Utility Vehicle 4WD
2023,Tesla,Model X Plaid,119990,Standard Sport Utility Vehicle 4WD
2023,Tesla,Model X Standard Range plus AWD,99990,Standard Sport Utility Vehicle 4WD
2023,Tesla,Model Y,60000,Small Sport Utility Vehicle 2WD
2023,Tesla,Model Y Long Range,52990,Small Sport Utility Vehicle 2WD
2023,Tesla,Model Y SR Plus RWD 60kWh,60000,Small Sport Utility Vehicle 2WD
2023,Tesla,Model Y Standard Range,43990,Small Sport Utility Vehicle 2WD
2023,Tesla,S Performance,104990,Large Cars
2023,Tesla,Semi Long Range,195200,
2023,Tesla,X Performance,120990,Standard Sport Utility Vehicle 4WD
2023,Toyota,Aygo X Undercover,17000,
2023,Toyota,bZ3 50kWh,27500,Small Sport Utility Vehicle 2WD
2023,Toyota,bZ3 65kWh,24500,Small Sport Utility Vehicle 2WD
2023,Toyota,Bz4x AWD,48800,Small Sport Utility Vehicle 4WD
2023,Toyota,Bz4x FWD,46700,Small Sport Utility Vehicle 2WD
2023,Toyota,Camry SE AWD,29160,Midsize Cars
2023,Toyota,Century SUV,170000,
2023,Toyota,Corolla,26700,Compact Cars
2023,Toyota,Corolla,26700,Compact Cars
2023,Toyota,Highlander Hybrid Platinum AWD,52620,Small Sport Utility Vehicle 4WD
2023,Toyota,Highlander Limited AWD,48020,Small Sport Utility Vehicle 4WD
2023,Toyota,Highlander Platinum AWD,51220,Small Sport Utility Vehicle 4WD
2023,Toyota,Innova Crysta G-SLF 7 STR,23450,Small Sport Utility Vehicle 2WD
2023,Toyota,Innova Crysta G-SLF 8 STR,23510,Small Sport Utility Vehicle 2WD
2023,Toyota,Innova Crysta GX 7 STR,24450,Small Sport Utility Vehicle 2WD
2023,Toyota,Innova Crysta VX 2.4 8 STR,29150,Small Sport Utility Vehicle 2WD
2023,Toyota,Innova Hycross G-SLF 7 STR,22540,Small Sport Utility Vehicle 2WD
2023,Toyota,Innova Hycross G-SLF 8 STR,22590,Small Sport Utility Vehicle 2WD
2023,Toyota,Innova Hycross GX 7 STR,23470,Small Sport Utility Vehicle 2WD
2023,Toyota,Innova Hycross GX 8 STR,23540,Small Sport Utility Vehicle 2WD
2023,Toyota,Innova Hycross VX (O) Hybrid 7 STR,32420,Small Sport Utility Vehicle 2WD
2023,Toyota,Innova Hycross VX (O) Hybrid 8 STR,32490,Small Sport Utility Vehicle 2WD
2023,Toyota,Innova Hycross VX Hybrid 7 STR,29950,Small Sport Utility Vehicle 2WD
2023,Toyota,Innova Hycross VX Hybrid 8 STR,30010,Small Sport Utility Vehicle 2WD
2023,Toyota,Innova Hycross ZX (O) Hybrid 7 STR,36310,Small Sport Utility Vehicle 2WD
2023,Toyota,Innova Hycross ZX Hybrid 7 STR,35530,Small Sport Utility Vehicle 2WD
2023,Toyota,Land Cruiser ZX Gasoline 3.5L,536530,Standard Sport Utility Vehicle 4WD
2023,Toyota,Prius Limited AWD-e,34460,Midsize Cars
2023,Toyota,Prius Prime SE,32350,Midsize Cars
2023,Toyota,Prius Prime XSE,35600,Midsize Cars
2023,Toyota,Prius Prime XSE Premium,35600,Midsize Cars
2023,Toyota,RAV4 Hybrid,30720,Small Sport Utility Vehicle 4WD
2023,Toyota,RAV4 Hybrid XSE,35885,Small Sport Utility Vehicle 4WD
2023,Toyota,RAV4 Prime SE Plug-in Hybrid,42340,Small Sport Utility Vehicle 4WD
2023,Toyota,Sequoia Limited 4WD,67700,Standard Sport Utility Vehicle 4WD
2023,Toyota,Sienna XSE AWD,44450,Minivan - 2WD
2023,Toyota,Supra Plasma Orange 100 Edition,55750,Two Seaters
2023,Toyota,Tundra 1794 Edition Hybrid,68200,Standard Pickup Trucks
2023,Toyota,Urban Cruiser Hyryder,13080,
2023,Toyota,Yaris MT 1.3,16000,Compact Cars
2023,Toyota,Yaris MT 1.5,18000,Compact Cars
2023,Volkswagen,Amarok,30000,
2023,Volkswagen,Atlas Cross Sport 2.0T SE with Technology,38630,Small Sport Utility Vehicle 2WD
2023,Volkswagen,Atlas Cross Sport 2.0T SEL R-Line Black,46180,Small Sport Utility Vehicle 2WD
2023,Volkswagen,Atlas Cross Sport 3.6L V6 SE With Technology,40380,Small Sport Utility Vehicle 2WD
2023,Volkswagen,Atlas Cross Sport 3.6L V6 SEL,45980,Small Sport Utility Vehicle 2WD
2023,Volkswagen,Atlas Cross Sport 3.6L V6 SEL Premium R-Line,51620,Small Sport Utility Vehicle 2WD
2023,Volkswagen,Atlas Cross Sport 3.6L V6 SEL R-Line Black,47930,Small Sport Utility Vehicle 2WD
2023,Volkswagen,Atlas V6 SEL,46140,Small Sport Utility Vehicle 2WD
2023,Volkswagen,Atlas V6 SEL R-Line Black,48090,Small Sport Utility Vehicle 2WD
2023,Volkswagen,Golf GTI 40th Anniversary Edition,33050,Compact Cars
2023,Volkswagen,Golf GTI 40th Anniversary Edition DSG,33050,Compact Cars
2023,Volkswagen,ID. 2all,27610,
2023,Volkswagen,ID.3 GTX,55050,
2023,Volkswagen,ID.4 GTX,57540,Small Sport Utility Vehicle 2WD
2023,Volkswagen,ID.4 Pro S Plus,51440,Small Sport Utility Vehicle 2WD
2023,Volkswagen,ID.4 S,43990,Small Sport Utility Vehicle 2WD
2023,Volkswagen,ID.7,38000,Midsize Cars
2023,Volkswagen,ID.7 77kWh,38000,Midsize Cars
2023,Volkswagen,ID.7 86kWh,43590,Midsize Cars
2023,Volkswagen,ID.7 Pro,40000,Midsize Cars
2023,Volkswagen,Jetta,20410,Compact Cars
2023,Volkswagen,Jetta,20410,Compact Cars
2023,Volkswagen,Jetta GLI,31340,Compact Cars
2023,Volkswagen,Multivan Edition,65000,Minivan - 2WD
2023,Volkswagen,Passat,27970,Midsize Cars
2023,Volkswagen,Polo GTI Edition 25,25500,
2023,Volkswagen,T-Roc Cabriolet Grey Edition,49000,
2023,Volkswagen,Tiguan,26590,Small Sport Utility Vehicle 2WD
2023,Volkswagen,Tiguan S,26590,Small Sport Utility Vehicle 2WD
2023,Volkswagen,Tiguan SE R-Line Black,33310,Small Sport Utility Vehicle 2WD
2023,Volkswagen,Tiguan SEL R-Line,37680,Small Sport Utility Vehicle 2WD
2023,Volvo,C40 Recharge Performance 78 kWh,59450,Small Sport Utility Vehicle 4WD
2023,Volvo,C40 Recharge Performance 82 kWh,55330,Small Sport Utility Vehicle 4WD
2023,Volvo,C40 Recharge Pure Electric Twin Plus P8 eAWD,56850,Small Sport Utility Vehicle 4WD
2023,Volvo,EX30 Performance,47300,Compact Cars
2023,Volvo,EX90 LR,113940,Standard Sport Utility Vehicle 4WD
2023,Volvo,EX90 Performance,80000,Standard Sport Utility Vehicle 4WD
2023,Volvo,EX90 Pure Electric,80000,Standard Sport Utility Vehicle 4WD
2023,Volvo,S60,41300,Midsize Cars
2023,Volvo,S60 B5 AWD Core Black Edition,45250,Midsize Cars
2023,Volvo,S60 B5 AWD Core Dark Theme,43600,Midsize Cars
2023,Volvo,S60 B5 AWD Plus Black Edition,47950,Midsize Cars
2023,Volvo,S60 B5 AWD Plus Dark Theme,46300,Midsize Cars
2023,Volvo,S60 B5 AWD Ultimate Black Edition,50300,Midsize Cars
2023,Volvo,S60 B5 AWD Ultimate Bright Theme,49050,Midsize Cars
2023,Volvo,S60 B5 AWD Ultimate Dark Theme,49050,Midsize Cars
2023,Volvo,S60 Recharge T8 Core Plug-In Hybrid,51250,Midsize Cars
2023,Volvo,V60 Cross Country,48800,Small Station Wagons
2023,Volvo,V90 Cross Country,58450,Midsize Wagon
2023,Volvo,XC40,46500,Small Sport Utility Vehicle 2WD
2023,Volvo,XC40 Recharge LR,55330,Small Sport Utility Vehicle 2WD
2023,Volvo,XC40 Recharge SR FWD,53670,Small Sport Utility Vehicle 2WD
2023,Volvo,XC40 Recharge SR RWD,49780,Small Sport Utility Vehicle 2WD
2023,Volvo,XC60 Recharge,57200,Small Sport Utility Vehicle 2WD
2023,Volvo,XC90 B5 Core,56000,Standard Sport Utility Vehicle 4WD
2023,Volvo,XC90 Recharge,71900,Standard Sport Utility Vehicle 4WD